{
    "sv": 0.9950813469542187, 
    "tr": 0.9912977676882331, 
    "de": 0.44040862656072643, 
    "cs": 0.43246311010215666, 
    "fr": 1.0, 
    "es": 0.8671963677639046
}